Protein,PABP,CBS,GAL4,PTEN,TEM1
PABP,0.0,0.5663920903402518,0.5366563145999496,0.49517673612559787,0.3888444419044716
CBS,0.5663920903402518,0.0,0.3969886648255842,0.18439088914585774,0.24166091947189142
GAL4,0.5366563145999496,0.3969886648255842,0.0,0.25059928172283336,0.28982753492378877
PTEN,0.49517673612559787,0.18439088914585774,0.25059928172283336,0.0,0.11489125293076058
TEM1,0.3888444419044716,0.24166091947189142,0.28982753492378877,0.11489125293076058,0.0
