Category,PC1_loading,PC2_loading
EE,-0.000000,-0.000000
EM,0.206473,-0.020323
EL,-0.025649,0.102710
MM,0.000000,0.000000
ML,0.000000,0.000000
LL,-0.072248,-0.094542
